{
  "entropy_threshold": {
    "accuracy": 0.7466666666666667,
    "precision": 0.6637168141592921,
    "recall": 1.0,
    "f1": 0.7978723404255319,
    "roc_auc": 0.6432,
    "recall_weak": 0.49333333333333335,
    "confusion_matrix": [
      [
        37,
        38
      ],
      [
        0,
        75
      ]
    ],
    "threshold": 7.974204241613405
  },
  "nist_pass_fail": {
    "accuracy": 0.7933333333333333,
    "precision": 0.72,
    "recall": 0.96,
    "f1": 0.8228571428571428,
    "roc_auc": 0.7864,
    "recall_weak": 0.6266666666666667,
    "confusion_matrix": [
      [
        47,
        28
      ],
      [
        3,
        72
      ]
    ]
  },
  "logistic_regression": {
    "accuracy": 0.7933333333333333,
    "precision": 0.7156862745098039,
    "recall": 0.9733333333333334,
    "f1": 0.8248587570621468,
    "roc_auc": 0.7866666666666666,
    "recall_weak": 0.6133333333333333,
    "confusion_matrix": [
      [
        46,
        29
      ],
      [
        2,
        73
      ]
    ]
  },
  "random_forest": {
    "accuracy": 0.8066666666666666,
    "precision": 0.7211538461538461,
    "recall": 1.0,
    "f1": 0.8379888268156425,
    "roc_auc": 0.795911111111111,
    "recall_weak": 0.6133333333333333,
    "confusion_matrix": [
      [
        46,
        29
      ],
      [
        0,
        75
      ]
    ]
  },
  "xgboost": {
    "accuracy": 0.7533333333333333,
    "precision": 0.7111111111111111,
    "recall": 0.8533333333333334,
    "f1": 0.7757575757575758,
    "roc_auc": 0.7770666666666667,
    "recall_weak": 0.6533333333333333,
    "confusion_matrix": [
      [
        49,
        26
      ],
      [
        11,
        64
      ]
    ]
  },
  "stacking_ensemble": {
    "accuracy": 0.7933333333333333,
    "precision": 0.72,
    "recall": 0.96,
    "f1": 0.8228571428571428,
    "roc_auc": 0.7891555555555555,
    "recall_weak": 0.6266666666666667,
    "confusion_matrix": [
      [
        47,
        28
      ],
      [
        3,
        72
      ]
    ]
  }
}